Changes made at Sat Aug  9 05:58:18 UTC 2025
Changes made at Thu Nov 20 14:17:17 UTC 2025
Changes made at Thu Nov 20 14:19:21 UTC 2025
Changes made at Thu Nov 20 16:24:42 UTC 2025
Changes made at Fri Nov 21 08:26:40 UTC 2025
Changes made at Fri Nov 21 10:19:51 UTC 2025
Changes made at Fri Nov 21 14:18:22 UTC 2025
Changes made at Fri Nov 21 16:23:44 UTC 2025
Changes made at Sat Nov 22 08:22:39 UTC 2025
Changes made at Sat Nov 22 10:17:51 UTC 2025
Changes made at Sat Nov 22 14:15:28 UTC 2025
Changes made at Sat Nov 22 16:20:57 UTC 2025
